modelo;data_criacao;id_carro_modelo
INTEGRA;2022-09-23;1
LEGEND;2022-09-23;2
NSX;2022-09-23;3
MARRUA;2022-09-23;4
145;2022-09-23;5
147;2022-09-23;6
155;2022-09-23;7
156;2022-09-23;8
164;2022-09-23;9
166;2022-09-23;10
2300;2022-09-23;11
SPIDER;2022-09-23;12
HUMMER;2022-09-23;13
BESTA;2022-09-23;14
BONGO;2022-09-23;15
CADENZA;2022-09-23;16
CARENS;2022-09-23;17
100;2022-09-23;18
80;2022-09-23;19
A1;2022-09-23;20
A3;2022-09-23;21
A4 SEDAN;2022-09-23;22
A5 COUPE;2022-09-23;23
A6 SEDAN;2022-09-23;24
A7;2022-09-23;25
A8;2022-09-23;26
Q3;2022-09-23;27
Q5;2022-09-23;28
Q7;2022-09-23;29
R8;2022-09-23;30
RS3;2022-09-23;31
RS4;2022-09-23;32
RS5;2022-09-23;33
RS6;2022-09-23;34
S3;2022-09-23;35
S4 SEDAN;2022-09-23;36
S6 SEDAN;2022-09-23;37
S8;2022-09-23;38
TT;2022-09-23;39
TTS;2022-09-23;40
BUGGY;2022-09-23;41
DEVILLE;2022-09-23;42
ELDORADO;2022-09-23;43
SEVILLE;2022-09-23;44
JAVALI;2022-09-23;45
MINI STAR FAMILY;2022-09-23;46
MINI STAR UTILITY;2022-09-23;47
CIELO;2022-09-23;48
FACE;2022-09-23;49
QQ;2022-09-23;50
S-18;2022-09-23;51
TIGGO;2022-09-23;52
300C;2022-09-23;53
CARAVAN;2022-09-23;54
CIRRUS;2022-09-23;55
GRAN CARAVAN;2022-09-23;56
LE BARON;2022-09-23;57
NEON;2022-09-23;58
PT CRUISER;2022-09-23;59
SEBRING;2022-09-23;60
STRATUS;2022-09-23;61
TOWN E COUNTRY;2022-09-23;62
VISION;2022-09-23;63
AIRCROSS;2022-09-23;64
AX;2022-09-23;65
BERLINGO;2022-09-23;66
BX;2022-09-23;67
C3;2022-09-23;68
C4;2022-09-23;69
C5;2022-09-23;70
C6;2022-09-23;71
C8;2022-09-23;72
DS3;2022-09-23;73
EVASION;2022-09-23;74
JUMPER;2022-09-23;75
XANTIA;2022-09-23;76
XM;2022-09-23;77
XSARA;2022-09-23;78
ZX;2022-09-23;79
CL-244;2022-09-23;80
CL-330;2022-09-23;81
ESPERO;2022-09-23;82
LANOS;2022-09-23;83
LEGANZA;2022-09-23;84
NUBIRA;2022-09-23;85
PRINCE;2022-09-23;86
RACER;2022-09-23;87
SUPER SALON;2022-09-23;88
TICO;2022-09-23;89
APPLAUSE;2022-09-23;90
CHARADE;2022-09-23;91
CUORE;2022-09-23;92
FEROZA;2022-09-23;93
GRAN MOVE;2022-09-23;94
MOVE VAN;2022-09-23;95
TERIOS;2022-09-23;96
AVENGER;2022-09-23;97
DAKOTA;2022-09-23;98
JOURNEY;2022-09-23;99
RAM;2022-09-23;100
STEALTH;2022-09-23;101
M-100;2022-09-23;102
PLUTUS;2022-09-23;103
START;2022-09-23;104
ULC;2022-09-23;105
ENGESA;2022-09-23;106
CAMPER;2022-09-23;107
MASTER;2022-09-23;108
348;2022-09-23;109
355;2022-09-23;110
360;2022-09-23;111
456;2022-09-23;112
550;2022-09-23;113
575M;2022-09-23;114
612;2022-09-23;115
CALIFORNIA;2022-09-23;116
F430;2022-09-23;117
F599;2022-09-23;118
500;2022-09-23;120
BRAVA;2022-09-23;121
BRAVO;2022-09-23;122
COUPE;2022-09-23;123
DOBLO;2022-09-23;124
DUCATO CARGO;2022-09-23;125
DUNA;2022-09-23;126
ELBA;2022-09-23;127
FIORINO;2022-09-23;128
FREEMONT;2022-09-23;129
GRAND SIENA;2022-09-23;130
IDEA;2022-09-23;131
LINEA;2022-09-23;132
MAREA;2022-09-23;133
OGGI;2022-09-23;134
PALIO;2022-09-23;135
PANORAMA;2022-09-23;136
PREMIO;2022-09-23;137
PUNTO;2022-09-23;138
SIENA;2022-09-23;139
STILO;2022-09-23;140
STRADA;2022-09-23;141
TEMPRA;2022-09-23;142
TIPO;2022-09-23;143
UNO;2022-09-23;144
AEROSTAR;2022-09-23;145
ASPIRE;2022-09-23;146
BELINA;2022-09-23;147
CLUB WAGON;2022-09-23;148
CONTOUR;2022-09-23;149
CORCEL II;2022-09-23;150
COURIER;2022-09-23;151
CROWN VICTORIA;2022-09-23;152
DEL REY;2022-09-23;153
ECOSPORT;2022-09-23;154
EDGE;2022-09-23;155
ESCORT;2022-09-23;156
EXPEDITION;2022-09-23;157
EXPLORER;2022-09-23;158
F-100;2022-09-23;159
F-1000;2022-09-23;160
F-150;2022-09-23;161
F-250;2022-09-23;162
FIESTA;2022-09-23;163
FOCUS;2022-09-23;164
FURGLAINE;2022-09-23;165
FUSION;2022-09-23;166
IBIZA;2022-09-23;167
KA;2022-09-23;168
MONDEO;2022-09-23;169
MUSTANG;2022-09-23;170
PAMPA;2022-09-23;171
PROBE;2022-09-23;172
RANGER;2022-09-23;173
VERSAILLES ROYALE;2022-09-23;174
TAURUS;2022-09-23;175
THUNDERBIRD;2022-09-23;176
TRANSIT;2022-09-23;177
VERONA;2022-09-23;178
VERSAILLES;2022-09-23;179
WINDSTAR;2022-09-23;180
A-10;2022-09-23;181
A-20;2022-09-23;182
AGILE;2022-09-23;183
ASTRA;2022-09-23;184
BLAZER;2022-09-23;185
BONANZA;2022-09-23;186
C-10;2022-09-23;187
C-20;2022-09-23;188
CALIBRA;2022-09-23;189
CAMARO;2022-09-23;190
CAPRICE;2022-09-23;191
CAPTIVA;2022-09-23;192
CAVALIER;2022-09-23;194
CELTA;2022-09-23;195
CHEVY;2022-09-23;196
CHEYNNE;2022-09-23;197
COBALT;2022-09-23;198
CORSA;2022-09-23;199
CORVETTE;2022-09-23;200
CRUZE;2022-09-23;201
D-10;2022-09-23;202
D-20;2022-09-23;203
IPANEMA;2022-09-23;204
KADETT;2022-09-23;205
LUMINA;2022-09-23;206
MALIBU;2022-09-23;207
MERIVA;2022-09-23;208
MONTANA;2022-09-23;209
OMEGA;2022-09-23;210
OPALA;2022-09-23;211
PRISMA;2022-09-23;212
S10;2022-09-23;213
SILVERADO;2022-09-23;214
SONIC;2022-09-23;215
SONOMA;2022-09-23;216
SPACEVAN;2022-09-23;217
SS10;2022-09-23;218
SUBURBAN;2022-09-23;219
SYCLONE;2022-09-23;220
TIGRA;2022-09-23;221
TRACKER;2022-09-23;222
TRAFIC;2022-09-23;223
VECTRA;2022-09-23;224
VERANEIO;2022-09-23;225
ZAFIRA;2022-09-23;226
HOVER;2022-09-23;227
BR-800;2022-09-23;228
CARAJAS;2022-09-23;229
TOCANTINS;2022-09-23;230
XAVANTE;2022-09-23;231
VIP;2022-09-23;232
TOWNER;2022-09-23;233
ACCORD;2022-09-23;234
CITY;2022-09-23;235
CIVIC;2022-09-23;236
CR-V;2022-09-23;237
FIT;2022-09-23;238
ODYSSEY;2022-09-23;239
PASSPORT;2022-09-23;240
PRELUDE;2022-09-23;241
ACCENT;2022-09-23;242
ATOS;2022-09-23;243
AZERA;2022-09-23;244
ELANTRA;2022-09-23;246
EXCEL;2022-09-23;247
GALLOPER;2022-09-23;248
GENESIS;2022-09-23;249
H1;2022-09-23;250
H100;2022-09-23;251
I30;2022-09-23;252
IX35;2022-09-23;253
MATRIX;2022-09-23;254
PORTER;2022-09-23;255
SANTA FE;2022-09-23;256
SCOUPE;2022-09-23;257
SONATA;2022-09-23;258
TERRACAN;2022-09-23;259
TRAJET;2022-09-23;260
TUCSON;2022-09-23;261
VELOSTER;2022-09-23;262
VERACRUZ;2022-09-23;263
J3;2022-09-23;264
J5;2022-09-23;265
J6;2022-09-23;266
DAIMLER;2022-09-23;267
S-TYPE;2022-09-23;268
X-TYPE;2022-09-23;269
MODELOS XJ;2022-09-23;270
MODELOS XK;2022-09-23;271
CHEROKEE;2022-09-23;272
COMMANDER;2022-09-23;273
COMPASS;2022-09-23;274
GRAND CHEROKEE;2022-09-23;275
WRANGLER;2022-09-23;276
TOPIC VAN;2022-09-23;277
JIPE MONTEZ;2022-09-23;278
PICAPE MONTEZ;2022-09-23;279
CARNIVAL;2022-09-23;280
CERATO;2022-09-23;281
CERATO KOUP;2022-09-23;282
CERES;2022-09-23;283
CLARUS;2022-09-23;284
GRAND BESTA;2022-09-23;285
GRAND CARNIVAL;2022-09-23;286
HI-TOPIC;2022-09-23;287
MAGENTIS;2022-09-23;288
MOHAVE;2022-09-23;289
OPIRUS;2022-09-23;290
OPTIMA;2022-09-23;291
PICANTO;2022-09-23;292
QUORIS;2022-09-23;293
ROCSTA;2022-09-23;294
SEPHIA;2022-09-23;295
SHUMA;2022-09-23;296
SORENTO;2022-09-23;297
LAIKA;2022-09-23;298
NIVA;2022-09-23;299
SAMARA;2022-09-23;300
GALLARDO;2022-09-23;301
MURCIELAGO;2022-09-23;302
DEFENDER;2022-09-23;303
DISCOVERY;2022-09-23;304
FREELANDER;2022-09-23;305
NEW RANGE;2022-09-23;306
RANGE ROVER;2022-09-23;307
ES;2022-09-23;308
GS;2022-09-23;309
IS-300;2022-09-23;310
LS;2022-09-23;311
RX;2022-09-23;312
SC;2022-09-23;313
320;2022-09-23;314
620;2022-09-23;315
ELAN;2022-09-23;317
ESPRIT;2022-09-23;318
SCORPIO;2022-09-23;319
222;2022-09-23;320
228;2022-09-23;321
3200;2022-09-23;322
430;2022-09-23;323
GHIBLI;2022-09-23;325
GRANCABRIO;2022-09-23;326
GRANSPORT;2022-09-23;327
GRANTURISMO;2022-09-23;328
QUATTROPORTE;2022-09-23;329
SHAMAL;2022-09-23;330
PICK-UP;2022-09-23;332
323;2022-09-23;333
626;2022-09-23;334
929;2022-09-23;335
B-2500;2022-09-23;336
B2200;2022-09-23;337
MILLENIA;2022-09-23;338
MPV;2022-09-23;339
MX-3;2022-09-23;340
MX-5;2022-09-23;341
NAVAJO;2022-09-23;342
PROTEGE;2022-09-23;343
CLASSE A;2022-09-23;345
CLASSE B;2022-09-23;346
CLASSE R;2022-09-23;347
CLASSE GLK;2022-09-23;348
SPRINTER;2022-09-23;349
MYSTIQUE;2022-09-23;350
SABLE;2022-09-23;351
MG6;2022-09-23;353
COOPER;2022-09-23;354
ONE;2022-09-23;355
3000;2022-09-23;356
AIRTREK;2022-09-23;357
ASX;2022-09-23;358
COLT;2022-09-23;359
DIAMANT;2022-09-23;360
ECLIPSE;2022-09-23;361
EXPO;2022-09-23;362
GALANT;2022-09-23;363
GRANDIS;2022-09-23;364
L200;2022-09-23;365
L300;2022-09-23;366
LANCER;2022-09-23;367
MIRAGE;2022-09-23;368
MONTERO;2022-09-23;369
OUTLANDER;2022-09-23;370
PAJERO;2022-09-23;371
SPACE WAGON;2022-09-23;372
BG-TRUCK;2022-09-23;373
350Z;2022-09-23;374
ALTIMA;2022-09-23;375
D-21;2022-09-23;377
FRONTIER;2022-09-23;378
KING-CAB;2022-09-23;379
LIVINA;2022-09-23;380
MARCH;2022-09-23;381
MAXIMA;2022-09-23;382
MURANO;2022-09-23;383
NX;2022-09-23;384
PATHFINDER;2022-09-23;385
PRIMERA;2022-09-23;386
QUEST;2022-09-23;387
SENTRA;2022-09-23;388
STANZA;2022-09-23;389
180SX;2022-09-23;390
TERRANO;2022-09-23;391
TIIDA;2022-09-23;392
VERSA;2022-09-23;393
X-TRAIL;2022-09-23;394
XTERRA;2022-09-23;395
106;2022-09-23;397
205;2022-09-23;398
206;2022-09-23;399
207;2022-09-23;400
3008;2022-09-23;401
306;2022-09-23;402
307;2022-09-23;403
308;2022-09-23;404
405;2022-09-23;405
406;2022-09-23;406
407;2022-09-23;407
408;2022-09-23;408
504;2022-09-23;409
505;2022-09-23;410
508;2022-09-23;411
605;2022-09-23;412
607;2022-09-23;413
806;2022-09-23;414
807;2022-09-23;415
BOXER;2022-09-23;416
HOGGAR;2022-09-23;417
PARTNER;2022-09-23;418
RCZ;2022-09-23;419
GRAN VOYAGER;2022-09-23;420
SUNDANCE;2022-09-23;421
TRANS-AM;2022-09-23;422
TRANS-SPORT;2022-09-23;423
911;2022-09-23;424
BOXSTER;2022-09-23;425
CAYENNE;2022-09-23;426
CAYMAN;2022-09-23;427
PANAMERA;2022-09-23;428
21 SEDAN;2022-09-23;429
CLIO;2022-09-23;430
DUSTER;2022-09-23;431
EXPRESS;2022-09-23;432
FLUENCE;2022-09-23;433
KANGOO;2022-09-23;434
LAGUNA;2022-09-23;435
LOGAN;2022-09-23;436
MEGANE;2022-09-23;438
SAFRANE;2022-09-23;439
SANDERO;2022-09-23;440
SCENIC;2022-09-23;441
SYMBOL;2022-09-23;442
TWINGO;2022-09-23;444
9000;2022-09-23;445
SL-2;2022-09-23;446
CORDOBA;2022-09-23;447
INCA;2022-09-23;449
FORTWO;2022-09-23;450
ACTYON SPORTS;2022-09-23;451
CHAIRMAN;2022-09-23;452
ISTANA;2022-09-23;453
KORANDO;2022-09-23;454
KYRON;2022-09-23;455
MUSSO;2022-09-23;456
REXTON;2022-09-23;457
FORESTER;2022-09-23;458
IMPREZA;2022-09-23;459
LEGACY;2022-09-23;460
OUTBACK;2022-09-23;461
SVX;2022-09-23;462
TRIBECA;2022-09-23;463
VIVIO;2022-09-23;464
BALENO;2022-09-23;465
GRAND VITARA;2022-09-23;466
IGNIS;2022-09-23;467
JIMNY;2022-09-23;468
SUPER CARRY;2022-09-23;469
SWIFT;2022-09-23;470
SX4;2022-09-23;471
VITARA;2022-09-23;472
WAGON R;2022-09-23;473
STARK;2022-09-23;474
AVALON;2022-09-23;475
BANDEIRANTE;2022-09-23;476
CAMRY;2022-09-23;477
CELICA;2022-09-23;478
COROLLA;2022-09-23;479
CORONA;2022-09-23;480
HILUX;2022-09-23;481
LAND CRUISER;2022-09-23;482
MR-2;2022-09-23;483
PASEO;2022-09-23;484
PREVIA;2022-09-23;485
RAV4;2022-09-23;486
SUPRA;2022-09-23;487
PANTANAL;2022-09-23;488
T-4;2022-09-23;489
400 SERIES;2022-09-23;490
850;2022-09-23;491
900 SERIES;2022-09-23;492
AMAROK;2022-09-23;493
APOLLO;2022-09-23;494
BORA;2022-09-23;495
CARAVELLE;2022-09-23;496
CORRADO;2022-09-23;497
EOS;2022-09-23;498
EUROVAN;2022-09-23;499
FOX;2022-09-23;500
FUSCA;2022-09-23;501
GOL;2022-09-23;502
GOLF;2022-09-23;503
JETTA;2022-09-23;504
KOMBI;2022-09-23;505
LOGUS;2022-09-23;506
PARATI;2022-09-23;507
PASSAT;2022-09-23;508
POINTER;2022-09-23;509
POLO;2022-09-23;510
SANTANA;2022-09-23;511
SAVEIRO;2022-09-23;512
SPACEFOX;2022-09-23;513
TIGUAN;2022-09-23;514
TOUAREG;2022-09-23;515
VOYAGE;2022-09-23;516
ZDX;2022-09-23;517
140;2022-09-23;518
BRASILIA;2022-09-23;519
BRASILVAN;2022-09-23;520
CORCEL;2022-09-23;521
PALIO WEEKEND;2022-09-23;522
FOCUS SEDAN;2022-09-23;523
FIESTA SEDAN;2022-09-23;524
FIESTA TRAIL;2022-09-23;525
207 SW;2022-09-23;526
ESCORT SW;2022-09-23;527
307 SEDAN;2022-09-23;528
307 SW;2022-09-23;529
C4 PALLAS;2022-09-23;530
C4 PICASSO;2022-09-23;531
C4 VTR;2022-09-23;532
CLIO SEDAN;2022-09-23;533
COROLLA FIELDER;2022-09-23;534
HILUX SW4;2022-09-23;535
MEGANE GRAND TOUR;2022-09-23;536
SANDERO STEPWAY;2022-09-23;537
XSARA PICASSO;2022-09-23;538
COLHEITADEIRA;2022-09-23;539
PICKUP F75;2022-09-23;540
X12;2022-09-23;541
BEL AIR;2022-09-23;542
C-14;2022-09-23;544
SRX4;2022-09-23;545
C-15;2022-09-23;546
BRASIL;2022-09-23;547
POLARA;2022-09-23;548
600;2022-09-23;549
F-01;2022-09-23;550
FALCON;2022-09-23;551
GALAXIE;2022-09-23;552
MAVERICK;2022-09-23;553
MODELO A;2022-09-23;554
NEW FIESTA;2022-09-23;555
LINHA FX;2022-09-23;556
GTS;2022-09-23;557
H3;2022-09-23;558
PRIME;2022-09-23;559
TIBURON;2022-09-23;560
JEEP;2022-09-23;561
CJ5;2022-09-23;562
TC;2022-09-23;563
CLASSE CLC;2022-09-23;564
CLASSE CLS;2022-09-23;565
MONTEREY;2022-09-23;566
TOPSPORT;2022-09-23;567
TARGA;2022-09-23;568
X8;2022-09-23;569
370Z;2022-09-23;570
GTB;2022-09-23;571
GTC;2022-09-23;572
GTE;2022-09-23;573
AUSTIN;2022-09-23;574
7TL;2022-09-23;575
19;2022-09-23;576
CONVERSÃVEL;2022-09-23;577
SUPERMINI;2022-09-23;578
TL;2022-09-23;579
TOPOLINO;2022-09-23;580
SR5;2022-09-23;581
VITZ;2022-09-23;582
VARIANT;2022-09-23;583
CANDANGO;2022-09-23;584
SP2;2022-09-23;585
RECORB;2022-09-23;586
POLAUTO;2022-09-23;587
GORDINI;2022-09-23;588
MINX;2022-09-23;589
ETIOS;2022-09-23;590
ONIX;2022-09-23;591
HB20;2022-09-23;592
330;2022-09-23;593
520;2022-09-23;594
730;2022-09-23;595
M1;2022-09-23;596
SERIE Z;2022-09-23;597
CLASSE SLK;2022-09-23;598
CLASSE C;2022-09-23;599
CLASSE E;2022-09-23;600
CLASSE CL;2022-09-23;601
CLASSE CLK;2022-09-23;602
CLASSE S;2022-09-23;603
CLASSE SL;2022-09-23;604
CLASSE SLS;2022-09-23;605
CLASSE G;2022-09-23;606
CLASSE GL;2022-09-23;607
CLASSE M;2022-09-23;608
1500;2022-09-23;609
EQUUS;2022-09-23;610
350 GT;2022-09-23;611
400 GT;2022-09-23;612
MIURA;2022-09-23;613
ISLERO;2022-09-23;614
ESPADA;2022-09-23;615
COUNTACH;2022-09-23;616
DIABLO;2022-09-23;617
ZAGATO;2022-09-23;618
ALAR;2022-09-23;619
LM002;2022-09-23;620
REVENTON;2022-09-23;621
ANKONIAN;2022-09-23;622
AVENTADOR;2022-09-23;623
SESTO ELEMENTO;2022-09-23;624
J3 TURIN;2022-09-23;625
J2;2022-09-23;626
SANDERO GT;2022-09-23;627
SPIN;2022-09-23;628
TRAILBLAZER;2022-09-23;629
C3 PICASSO;2022-09-23;630
GRAND C4 PICASSO;2022-09-23;631
JUMPER MINIBUS;2022-09-23;632
JUMPER VETRATO;2022-09-23;633
207 SEDAN;2022-09-23;634
207 QUIKSILVER;2022-09-23;635
207 ESCAPADE;2022-09-23;636
308 CC;2022-09-23;637
BOXER PASSAGEIRO;2022-09-23;638
NEW FIESTA SEDAN;2022-09-23;639
TRANSIT PASSAGEIRO;2022-09-23;640
TRANSIT CHASSI;2022-09-23;641
A4 AVANT;2022-09-23;642
S4 AVANT;2022-09-23;643
A5 SPORTBACK;2022-09-23;644
A5 CABRIOLET;2022-09-23;645
S5 COUPE;2022-09-23;646
S5 SPORTBACK;2022-09-23;647
S5 CABRIOLET;2022-09-23;648
A6 AVANT;2022-09-23;649
A6 ALLROAD;2022-09-23;650
S6 AVANT;2022-09-23;651
S7;2022-09-23;652
TT ROADSTER;2022-09-23;653
TT RS;2022-09-23;654
TT RS ROADSTER;2022-09-23;655
TTS ROADSTER;2022-09-23;656
R8 SPYDER;2022-09-23;657
R8 GT;2022-09-23;658
R8 GT SPYDER;2022-09-23;659
F12;2022-09-23;660
458 SPIDER;2022-09-23;661
458 ITALIA;2022-09-23;662
FF;2022-09-23;663
599;2022-09-23;664
SA;2022-09-23;665
CHALLENGE;2022-09-23;666
SUPERAMERICA;2022-09-23;667
F430 SPIDER;2022-09-23;668
612 SESSANTA;2022-09-23;670
599 GTB;2022-09-23;671
SCUDERIA SPIDER;2022-09-23;672
512;2022-09-23;673
456 GT;2022-09-23;674
348 GTS;2022-09-23;675
348 SPIDER;2022-09-23;676
F355;2022-09-23;677
F355 SPIDER;2022-09-23;678
F50;2022-09-23;679
355 SPIDER;2022-09-23;680
360 MODENA;2022-09-23;681
PAJERO FULL;2022-09-23;682
PAJERO DAKAR;2022-09-23;683
PAJERO TR4;2022-09-23;684
LANCER SPORTBACK;2022-09-23;685
LANCER EVOLUTION;2022-09-23;686
L200 TRITON SAVANA;2022-09-23;687
L200 TRITON;2022-09-23;688
LIVINA X-GEAR;2022-09-23;689
GRAND LIVINA;2022-09-23;690
NEW ACTYON SPORTS;2022-09-23;691
PRIUS;2022-09-23;692
SPORT;2022-09-23;693
MTS;2022-09-23;694
KABRIO;2022-09-23;696
SAGA;2022-09-23;697
SAGA II;2022-09-23;698
787;2022-09-23;699
X11;2022-09-23;700
GAIOLA;2022-09-23;701
NITRO;2022-09-23;702
CHALLENGER;2022-09-23;703
DART;2022-09-23;704
CHARGER;2022-09-23;707
WINDSOR;2022-09-23;708
CROSSFIRE;2022-09-23;709
ESCALADE;2022-09-23;711
RIVIERA;2022-09-23;712
CENTURY;2022-09-23;714
CENTURION;2022-09-23;716
EIGHT;2022-09-23;717
ELECTRA;2022-09-23;718
ESTATE WAGON;2022-09-23;719
GRAN SPORT;2022-09-23;720
GSX;2022-09-23;721
INVICTA;2022-09-23;722
LESABRE;2022-09-23;723
LIMITED;2022-09-23;724
PARK AVENUE;2022-09-23;725
RAINIER;2022-09-23;726
REATTA;2022-09-23;727
REGAL;2022-09-23;728
RENDEZVOUS;2022-09-23;729
ROADMASTER;2022-09-23;730
ROYAUM;2022-09-23;731
SKYHAWK;2022-09-23;732
SKYLARK;2022-09-23;733
SOMERSET;2022-09-23;734
SPECIAL;2022-09-23;735
SPORT WAGON;2022-09-23;736
SUPER;2022-09-23;737
TERRAZA;2022-09-23;738
WILDCAT;2022-09-23;739
LACROSSE;2022-09-23;740
ENCLAVE;2022-09-23;741
GL8;2022-09-23;742
HRV;2022-09-23;743
LUCERNE;2022-09-23;744
SIERRA;2022-09-23;745
BROUGHAM;2022-09-23;746
DAMAS;2022-09-23;748
GENTRA;2022-09-23;749
MAEPSY;2022-09-23;750
KALOS;2022-09-23;752
LACETTI;2022-09-23;754
SOUL;2022-09-23;755
SPORTAGE;2022-09-23;756
ACTYON;2022-09-23;757
MARAJO;2022-09-23;758
SUPREMA;2022-09-23;759
NEW BEETLE;2022-09-23;760
QUANTUM;2022-09-23;761
CROSSFOX;2022-09-23;762
MILLE;2022-09-23;763
GC2;2022-09-23;764
EC7;2022-09-23;765
530;2022-09-23;766
MOBI;2022-09-23;767
TORO;2022-09-23;768
RENEGADE;2022-09-23;769
DUSTER OROCH;2022-09-23;770
SANDERO RS;2022-09-23;771
HB20R;2022-09-23;772
GRAND SANTA FE;2022-09-23;773
GOLF VARIANT;2022-09-23;774
SPACE CROSS;2022-09-23;775
2008;2022-09-23;776
TOPIC;2022-09-23;777
T8;2022-09-23;779
T6;2022-09-23;780
T5;2022-09-23;781
KA SEDAN;2022-09-23;782
FOCUS FASTBACK;2022-09-23;783
